<metadata xml:lang="en"><Esri><CreaDate>20190326</CreaDate><CreaTime>09030200</CreaTime><ArcGISFormat>1.0</ArcGISFormat><SyncOnce>FALSE</SyncOnce><DataProperties><lineage><Process Name="Delete Features" ToolSource="c:\program files (x86)\arcgis\desktop10.1\ArcToolbox\Toolboxes\Data Management Tools.tbx\DeleteFeatures" Date="20140115" Time="163524" export="">DeleteFeatures WBDHU10_Layer</Process><Process Name="Append (5)" ToolSource="c:\program files (x86)\arcgis\desktop10.1\ArcToolbox\Toolboxes\Data Management Tools.tbx\Append" Date="20140115" Time="164807" export="">Append C:\Projects\WBD\WBD1904.gdb\HUC10_STRUCTURE "Database Connections\Sde26onP WBD2 Version.sde\WBD2.WBD\WBD2.WBDHU10" NO_TEST "TNMID "TNMID" true true false 40 Text 0 0 ,First,#,C:\Projects\WBD\WBD1904.gdb\HUC10_STRUCTURE,TNMID,-1,-1;METASOURCEID "METASOURCEID" true true false 40 Text 0 0 ,First,#,C:\Projects\WBD\WBD1904.gdb\HUC10_STRUCTURE,METASOURCEID,-1,-1;SOURCEDATADESC "SOURCEDATADESC" true true false 100 Text 0 0 ,First,#,C:\Projects\WBD\WBD1904.gdb\HUC10_STRUCTURE,SOURCEDATADESC,-1,-1;SOURCEORIGINATOR "SOURCEORIGINATOR" true true false 130 Text 0 0 ,First,#,C:\Projects\WBD\WBD1904.gdb\HUC10_STRUCTURE,SOURCEORIGINATOR,-1,-1;SOURCEFEATUREID "SOURCEFEATUREID" true true false 40 Text 0 0 ,First,#,C:\Projects\WBD\WBD1904.gdb\HUC10_STRUCTURE,SOURCEFEATUREID,-1,-1;LOADDATE "LOADDATE" true true false 36 Date 0 0 ,First,#,C:\Projects\WBD\WBD1904.gdb\HUC10_STRUCTURE,LOADDATE,-1,-1;GNIS_ID "GNIS_ID" true true false 4 Long 0 10 ,First,#,C:\Projects\WBD\WBD1904.gdb\HUC10_STRUCTURE,GNIS_ID,-1,-1;AREAACRES "AREAACRES" true true false 8 Double 8 38 ,First,#,C:\Projects\WBD\WBD1904.gdb\HUC10_STRUCTURE,AREAACRES,-1,-1;AREASQKM "AREASQKM" true true false 8 Double 8 38 ,First,#,C:\Projects\WBD\WBD1904.gdb\HUC10_STRUCTURE,AREASQKM,-1,-1;STATES "STATES" true true false 50 Text 0 0 ,First,#,C:\Projects\WBD\WBD1904.gdb\HUC10_STRUCTURE,STATES,-1,-1;HUC10 "HUC10" true true false 10 Text 0 0 ,First,#,C:\Projects\WBD\WBD1904.gdb\HUC10_STRUCTURE,HUC10,-1,-1;NAME "NAME" true true false 120 Text 0 0 ,First,#,C:\Projects\WBD\WBD1904.gdb\HUC10_STRUCTURE,NAME,-1,-1;HUTYPE "HUType" true true false 255 Text 0 0 ,First,#,C:\Projects\WBD\WBD1904.gdb\HUC10_STRUCTURE,HUTYPE,-1,-1;HUMOD "HUMOD" true true false 30 Text 0 0 ,First,#,C:\Projects\WBD\WBD1904.gdb\HUC10_STRUCTURE,HUMOD,-1,-1;GLOBALID "GLOBALID" false false true 38 GlobalID 0 0 ,First,#;SHAPE.AREA "SHAPE.AREA" false false true 0 Double 0 0 ,First,#;SHAPE.LEN "SHAPE.LEN" false false true 0 Double 0 0 ,First,#" #</Process><Process Name="Delete Features" ToolSource="c:\program files (x86)\arcgis\desktop10.1\ArcToolbox\Toolboxes\Data Management Tools.tbx\DeleteFeatures" Date="20140305" Time="160419" export="">DeleteFeatures WBDHU10_Layer</Process><Process Name="Append (5)" ToolSource="c:\program files (x86)\arcgis\desktop10.1\ArcToolbox\Toolboxes\Data Management Tools.tbx\Append" Date="20140306" Time="083354" export="">Append C:\Projects\WBD\WBD1904.gdb\HUC10_STRUCTURE "Database Connections\Sde26onP WBD2 Version.sde\WBD2.WBD\WBD2.WBDHU10" NO_TEST "TNMID "TNMID" true true false 40 Text 0 0 ,First,#,C:\Projects\WBD\WBD1904.gdb\HUC10_STRUCTURE,TNMID,-1,-1;METASOURCEID "METASOURCEID" true true false 40 Text 0 0 ,First,#,C:\Projects\WBD\WBD1904.gdb\HUC10_STRUCTURE,METASOURCEID,-1,-1;SOURCEDATADESC "SOURCEDATADESC" true true false 100 Text 0 0 ,First,#,C:\Projects\WBD\WBD1904.gdb\HUC10_STRUCTURE,SOURCEDATADESC,-1,-1;SOURCEORIGINATOR "SOURCEORIGINATOR" true true false 130 Text 0 0 ,First,#,C:\Projects\WBD\WBD1904.gdb\HUC10_STRUCTURE,SOURCEORIGINATOR,-1,-1;SOURCEFEATUREID "SOURCEFEATUREID" true true false 40 Text 0 0 ,First,#,C:\Projects\WBD\WBD1904.gdb\HUC10_STRUCTURE,SOURCEFEATUREID,-1,-1;LOADDATE "LOADDATE" true true false 36 Date 0 0 ,First,#,C:\Projects\WBD\WBD1904.gdb\HUC10_STRUCTURE,LOADDATE,-1,-1;GNIS_ID "GNIS_ID" true true false 4 Long 0 10 ,First,#,C:\Projects\WBD\WBD1904.gdb\HUC10_STRUCTURE,GNIS_ID,-1,-1;AREAACRES "AREAACRES" true true false 8 Double 8 38 ,First,#,C:\Projects\WBD\WBD1904.gdb\HUC10_STRUCTURE,AREAACRES,-1,-1;AREASQKM "AREASQKM" true true false 8 Double 8 38 ,First,#,C:\Projects\WBD\WBD1904.gdb\HUC10_STRUCTURE,AREASQKM,-1,-1;STATES "STATES" true true false 50 Text 0 0 ,First,#,C:\Projects\WBD\WBD1904.gdb\HUC10_STRUCTURE,STATES,-1,-1;HUC10 "HUC10" true true false 10 Text 0 0 ,First,#,C:\Projects\WBD\WBD1904.gdb\HUC10_STRUCTURE,HUC10,-1,-1;NAME "NAME" true true false 120 Text 0 0 ,First,#,C:\Projects\WBD\WBD1904.gdb\HUC10_STRUCTURE,NAME,-1,-1;HUTYPE "HUType" true true false 255 Text 0 0 ,First,#,C:\Projects\WBD\WBD1904.gdb\HUC10_STRUCTURE,HUTYPE,-1,-1;HUMOD "HUMOD" true true false 30 Text 0 0 ,First,#,C:\Projects\WBD\WBD1904.gdb\HUC10_STRUCTURE,HUMOD,-1,-1;GLOBALID "GLOBALID" false false true 38 GlobalID 0 0 ,First,#;SHAPE.AREA "SHAPE.AREA" false false true 0 Double 0 0 ,First,#;SHAPE.LEN "SHAPE.LEN" false false true 0 Double 0 0 ,First,#" #</Process><Process Name="Delete Features" ToolSource="c:\program files (x86)\arcgis\desktop10.1\ArcToolbox\Toolboxes\Data Management Tools.tbx\DeleteFeatures" Date="20140306" Time="101823" export="">DeleteFeatures WBDHU10_Layer</Process><Process Name="Append (5)" ToolSource="c:\program files (x86)\arcgis\desktop10.1\ArcToolbox\Toolboxes\Data Management Tools.tbx\Append" Date="20140306" Time="103714" export="">Append C:\Projects\WBD\WBD1904.gdb\HUC10_STRUCTURE "Database Connections\Sde26onP WBD2 Version.sde\WBD2.WBD\WBD2.WBDHU10" NO_TEST "TNMID "TNMID" true true false 40 Text 0 0 ,First,#,C:\Projects\WBD\WBD1904.gdb\HUC10_STRUCTURE,TNMID,-1,-1;METASOURCEID "METASOURCEID" true true false 40 Text 0 0 ,First,#,C:\Projects\WBD\WBD1904.gdb\HUC10_STRUCTURE,METASOURCEID,-1,-1;SOURCEDATADESC "SOURCEDATADESC" true true false 100 Text 0 0 ,First,#,C:\Projects\WBD\WBD1904.gdb\HUC10_STRUCTURE,SOURCEDATADESC,-1,-1;SOURCEORIGINATOR "SOURCEORIGINATOR" true true false 130 Text 0 0 ,First,#,C:\Projects\WBD\WBD1904.gdb\HUC10_STRUCTURE,SOURCEORIGINATOR,-1,-1;SOURCEFEATUREID "SOURCEFEATUREID" true true false 40 Text 0 0 ,First,#,C:\Projects\WBD\WBD1904.gdb\HUC10_STRUCTURE,SOURCEFEATUREID,-1,-1;LOADDATE "LOADDATE" true true false 36 Date 0 0 ,First,#,C:\Projects\WBD\WBD1904.gdb\HUC10_STRUCTURE,LOADDATE,-1,-1;GNIS_ID "GNIS_ID" true true false 4 Long 0 10 ,First,#,C:\Projects\WBD\WBD1904.gdb\HUC10_STRUCTURE,GNIS_ID,-1,-1;AREAACRES "AREAACRES" true true false 8 Double 8 38 ,First,#,C:\Projects\WBD\WBD1904.gdb\HUC10_STRUCTURE,AREAACRES,-1,-1;AREASQKM "AREASQKM" true true false 8 Double 8 38 ,First,#,C:\Projects\WBD\WBD1904.gdb\HUC10_STRUCTURE,AREASQKM,-1,-1;STATES "STATES" true true false 50 Text 0 0 ,First,#,C:\Projects\WBD\WBD1904.gdb\HUC10_STRUCTURE,STATES,-1,-1;HUC10 "HUC10" true true false 10 Text 0 0 ,First,#,C:\Projects\WBD\WBD1904.gdb\HUC10_STRUCTURE,HUC10,-1,-1;NAME "NAME" true true false 120 Text 0 0 ,First,#,C:\Projects\WBD\WBD1904.gdb\HUC10_STRUCTURE,NAME,-1,-1;HUTYPE "HUType" true true false 255 Text 0 0 ,First,#,C:\Projects\WBD\WBD1904.gdb\HUC10_STRUCTURE,HUTYPE,-1,-1;HUMOD "HUMOD" true true false 30 Text 0 0 ,First,#,C:\Projects\WBD\WBD1904.gdb\HUC10_STRUCTURE,HUMOD,-1,-1;GLOBALID "GLOBALID" false false true 38 GlobalID 0 0 ,First,#;SHAPE.AREA "SHAPE.AREA" false false true 0 Double 0 0 ,First,#;SHAPE.LEN "SHAPE.LEN" false false true 0 Double 0 0 ,First,#" #</Process><Process Name="Delete Features" ToolSource="c:\arcgis\desktop10.1\ArcToolbox\Toolboxes\Data Management Tools.tbx\DeleteFeatures" Date="20140312" Time="160626" export="">DeleteFeatures WBDHU10_Layer</Process><Process Name="Append (5)" ToolSource="c:\arcgis\desktop10.1\ArcToolbox\Toolboxes\Data Management Tools.tbx\Append" Date="20140312" Time="162145" export="">Append D:\Projects\WBD\WBD1904.gdb\HUC10_STRUCTURE "Database Connections\SueP_WBD2_Version.sde\WBD2.WBD\WBD2.WBDHU10" NO_TEST "TNMID "TNMID" true true false 40 Text 0 0 ,First,#,D:\Projects\WBD\WBD1904.gdb\HUC10_STRUCTURE,TNMID,-1,-1;METASOURCEID "METASOURCEID" true true false 40 Text 0 0 ,First,#,D:\Projects\WBD\WBD1904.gdb\HUC10_STRUCTURE,METASOURCEID,-1,-1;SOURCEDATADESC "SOURCEDATADESC" true true false 100 Text 0 0 ,First,#,D:\Projects\WBD\WBD1904.gdb\HUC10_STRUCTURE,SOURCEDATADESC,-1,-1;SOURCEORIGINATOR "SOURCEORIGINATOR" true true false 130 Text 0 0 ,First,#,D:\Projects\WBD\WBD1904.gdb\HUC10_STRUCTURE,SOURCEORIGINATOR,-1,-1;SOURCEFEATUREID "SOURCEFEATUREID" true true false 40 Text 0 0 ,First,#,D:\Projects\WBD\WBD1904.gdb\HUC10_STRUCTURE,SOURCEFEATUREID,-1,-1;LOADDATE "LOADDATE" true true false 36 Date 0 0 ,First,#,D:\Projects\WBD\WBD1904.gdb\HUC10_STRUCTURE,LOADDATE,-1,-1;GNIS_ID "GNIS_ID" true true false 4 Long 0 10 ,First,#,D:\Projects\WBD\WBD1904.gdb\HUC10_STRUCTURE,GNIS_ID,-1,-1;AREAACRES "AREAACRES" true true false 8 Double 8 38 ,First,#,D:\Projects\WBD\WBD1904.gdb\HUC10_STRUCTURE,AREAACRES,-1,-1;AREASQKM "AREASQKM" true true false 8 Double 8 38 ,First,#,D:\Projects\WBD\WBD1904.gdb\HUC10_STRUCTURE,AREASQKM,-1,-1;STATES "STATES" true true false 50 Text 0 0 ,First,#,D:\Projects\WBD\WBD1904.gdb\HUC10_STRUCTURE,STATES,-1,-1;HUC10 "HUC10" true true false 10 Text 0 0 ,First,#,D:\Projects\WBD\WBD1904.gdb\HUC10_STRUCTURE,HUC10,-1,-1;NAME "NAME" true true false 120 Text 0 0 ,First,#,D:\Projects\WBD\WBD1904.gdb\HUC10_STRUCTURE,NAME,-1,-1;HUTYPE "HUType" true true false 255 Text 0 0 ,First,#,D:\Projects\WBD\WBD1904.gdb\HUC10_STRUCTURE,HUTYPE,-1,-1;HUMOD "HUMOD" true true false 30 Text 0 0 ,First,#,D:\Projects\WBD\WBD1904.gdb\HUC10_STRUCTURE,HUMOD,-1,-1;GLOBALID "GLOBALID" false false true 38 GlobalID 0 0 ,First,#;SHAPE.AREA "SHAPE.AREA" false false true 0 Double 0 0 ,First,#;SHAPE.LEN "SHAPE.LEN" false false true 0 Double 0 0 ,First,#" #</Process><Process Name="Delete Features" ToolSource="c:\program files (x86)\arcgis\desktop10.1\ArcToolbox\Toolboxes\Data Management Tools.tbx\DeleteFeatures" Date="20140625" Time="092937" export="">DeleteFeatures Original\WBDHU10ORIG</Process><Process Name="Append" ToolSource="c:\program files (x86)\arcgis\desktop10.1\ArcToolbox\Toolboxes\Data Management Tools.tbx\Append" Date="20140625" Time="095318" export="">Append New\WBDHU10GL Original\WBDHU10ORIG NO_TEST "TNMID "TNMID" true true false 40 Text 0 0 ,First,#,D:\Projects\WBD\GreatLakeFixes.gdb\WBDHU10GL,TNMID,-1,-1;METASOURCEID "METASOURCEID" true true false 40 Text 0 0 ,First,#,D:\Projects\WBD\GreatLakeFixes.gdb\WBDHU10GL,MetaSourceID,-1,-1;SOURCEDATADESC "SOURCEDATADESC" true true false 100 Text 0 0 ,First,#,D:\Projects\WBD\GreatLakeFixes.gdb\WBDHU10GL,SourceDataDesc,-1,-1;SOURCEORIGINATOR "SOURCEORIGINATOR" true true false 130 Text 0 0 ,First,#,D:\Projects\WBD\GreatLakeFixes.gdb\WBDHU10GL,SourceOriginator,-1,-1;SOURCEFEATUREID "SOURCEFEATUREID" true true false 40 Text 0 0 ,First,#,D:\Projects\WBD\GreatLakeFixes.gdb\WBDHU10GL,SourceFeatureID,-1,-1;LOADDATE "LOADDATE" true true false 36 Date 0 0 ,First,#,D:\Projects\WBD\GreatLakeFixes.gdb\WBDHU10GL,LoadDate,-1,-1;GNIS_ID "GNIS_ID" true true false 4 Long 0 10 ,First,#,D:\Projects\WBD\GreatLakeFixes.gdb\WBDHU10GL,GNIS_ID,-1,-1;AREAACRES "AREAACRES" true true false 8 Double 8 38 ,First,#,D:\Projects\WBD\GreatLakeFixes.gdb\WBDHU10GL,AreaAcres,-1,-1;AREASQKM "AREASQKM" true true false 8 Double 8 38 ,First,#,D:\Projects\WBD\GreatLakeFixes.gdb\WBDHU10GL,AreaSqKm,-1,-1;STATES "STATES" true true false 50 Text 0 0 ,First,#,D:\Projects\WBD\GreatLakeFixes.gdb\WBDHU10GL,States,-1,-1;HUC10 "HUC10" true true false 10 Text 0 0 ,First,#,D:\Projects\WBD\GreatLakeFixes.gdb\WBDHU10GL,HUC10,-1,-1;NAME "NAME" true true false 120 Text 0 0 ,First,#,D:\Projects\WBD\GreatLakeFixes.gdb\WBDHU10GL,Name,-1,-1;HUTYPE "HUType" true true false 255 Text 0 0 ,First,#,D:\Projects\WBD\GreatLakeFixes.gdb\WBDHU10GL,HUType,-1,-1;HUMOD "HUMOD" true true false 30 Text 0 0 ,First,#,D:\Projects\WBD\GreatLakeFixes.gdb\WBDHU10GL,HUMod,-1,-1;GLOBALID "GLOBALID" false false true 38 GlobalID 0 0 ,First,#;SHAPE.AREA "SHAPE.AREA" false false true 0 Double 0 0 ,First,#;SHAPE.LEN "SHAPE.LEN" false false true 0 Double 0 0 ,First,#" #</Process><Process ToolSource="c:\program files (x86)\arcgis\desktop10.1\ArcToolbox\Toolboxes\Data Management Tools.tbx\CalculateField" Date="20150128" Time="133014" Name="" export="">CalculateField WBD2.WBDHU10 TNMID [GLOBALID] VB #</Process><Process ToolSource="c:\program files (x86)\arcgis\desktop10.1\ArcToolbox\Toolboxes\Data Management Tools.tbx\CalculateField" Date="20150323" Time="132810" Name="" export="">CalculateField WBD2.WBDHU10 TNMID [GLOBALID] VB #</Process><Process ToolSource="c:\program files (x86)\arcgis\desktop10.1\ArcToolbox\Toolboxes\Data Management Tools.tbx\CalculateField" Date="20150323" Time="135105" Name="" export="">CalculateField WBD2.WBDHU10 TNMID [GLOBALID] VB #</Process><Process ToolSource="c:\program files (x86)\arcgis\desktop10.1\ArcToolbox\Toolboxes\Data Management Tools.tbx\CalculateField" Date="20150514" Time="190100" Name="" export="">CalculateField WBD2.WBDHU10 TNMID [GLOBALID] VB #</Process><Process ToolSource="c:\users\cristen\appdata\local\programs\arcgis\pro\Resources\ArcToolbox\toolboxes\Data Management Tools.tbx\UpdateSchema" Date="20201111" Time="105304" Name="" export="">UpdateSchema "CIMDATA=&lt;CIMFeatureDatasetDataConnection xsi:type='typens:CIMFeatureDatasetDataConnection' xmlns:xsi='http://www.w3.org/2001/XMLSchema-instance' xmlns:xs='http://www.w3.org/2001/XMLSchema' xmlns:typens='http://www.esri.com/schemas/ArcGIS/2.6.0'&gt;&lt;FeatureDataset&gt;WBD&lt;/FeatureDataset&gt;&lt;WorkspaceConnectionString&gt;DATABASE=Z:\Active_Projects\031-01_Mid_Pacific_CVPIA_Data\GIS\Geodata\Vector\watersheds\WBD_National_GDB.gdb&lt;/WorkspaceConnectionString&gt;&lt;WorkspaceFactory&gt;FileGDB&lt;/WorkspaceFactory&gt;&lt;Dataset&gt;WBDHU10&lt;/Dataset&gt;&lt;DatasetType&gt;esriDTFeatureClass&lt;/DatasetType&gt;&lt;/CIMFeatureDatasetDataConnection&gt;" &lt;operationSequence&gt;&lt;workflow&gt;&lt;AddField&gt;&lt;field_name&gt;SUBREGION&lt;/field_name&gt;&lt;field_type&gt;TEXT&lt;/field_type&gt;&lt;field_length&gt;50&lt;/field_length&gt;&lt;field_alias&gt;SUBREGION&lt;/field_alias&gt;&lt;field_is_nullable&gt;True&lt;/field_is_nullable&gt;&lt;field_is_required&gt;False&lt;/field_is_required&gt;&lt;/AddField&gt;&lt;/workflow&gt;&lt;/operationSequence&gt;</Process><Process ToolSource="c:\users\cristen\appdata\local\programs\arcgis\pro\Resources\ArcToolbox\toolboxes\Conversion Tools.tbx\FeatureClassToFeatureClass" Date="20201112" Time="145618" Name="" export="">FeatureClassToFeatureClass subregions Z:\Active_Projects\031-01_Mid_Pacific_CVPIA_Data\GIS\Geodata\Vector\delta_water_quality_data subregions.shp # "TNMID "TNMID" true true false 40 Text 0 0,First,#,subregions,TNMID,0,40;METASOURCE "MetaSourceID" true true false 40 Text 0 0,First,#,subregions,METASOURCEID,0,40;SOURCEDATA "SourceDataDesc" true true false 100 Text 0 0,First,#,subregions,SOURCEDATADESC,0,100;SOURCEORIG "SourceOriginator" true true false 130 Text 0 0,First,#,subregions,SOURCEORIGINATOR,0,130;SOURCEFEAT "SourceFeatureID" true true false 40 Text 0 0,First,#,subregions,SOURCEFEATUREID,0,40;LOADDATE "LoadDate" true true false 8 Date 0 0,First,#,subregions,LOADDATE,-1,-1;GNIS_ID "GNIS_ID" true true false 4 Long 0 0,First,#,subregions,GNIS_ID,-1,-1;SUBREGION "SUBREGION" true true false 50 Text 0 0,First,#,subregions,SUBREGION,0,50;AREAACRES "AreaAcres" true true false 8 Double 0 0,First,#,subregions,AREAACRES,-1,-1;AREASQKM "AreaSqKm" true true false 8 Double 0 0,First,#,subregions,AREASQKM,-1,-1;STATES "States" true true false 50 Text 0 0,First,#,subregions,STATES,0,50;HUC10 "HUC10" true true false 10 Text 0 0,First,#,subregions,HUC10,0,10;HUTYPE "HUType" true true false 255 Text 0 0,First,#,subregions,HUTYPE,0,255;HUMOD "HUMod" true true false 30 Text 0 0,First,#,subregions,HUMOD,0,30;GLOBALID "GLOBALID" false false true 38 Text 0 0,First,#,subregions,GLOBALID,-1,-1;SHAPE_Leng "SHAPE_Length" false true true 8 Double 0 0,First,#,subregions,SHAPE_Length,-1,-1;SHAPE_Area "SHAPE_Area" false true true 8 Double 0 0,First,#,subregions,SHAPE_Area,-1,-1" #</Process></lineage><itemProps><itemLocation><linkage Sync="TRUE">file://\\192.168.37.199\Shares\Active_Projects\031-01_Mid_Pacific_CVPIA_Data\GIS\Geodata\Vector\delta_water_quality_data\subregions.shp</linkage><protocol Sync="TRUE">Local Area Network</protocol></itemLocation><itemName Sync="TRUE">subregions</itemName><imsContentType Sync="TRUE">002</imsContentType><itemSize Sync="TRUE">0.000</itemSize></itemProps><coordRef><type Sync="TRUE">Geographic</type><geogcsn Sync="TRUE">GCS_North_American_1983</geogcsn><csUnits Sync="TRUE">Angular Unit: Degree (0.017453)</csUnits><peXml Sync="TRUE">&lt;GeographicCoordinateSystem xsi:type='typens:GeographicCoordinateSystem' xmlns:xsi='http://www.w3.org/2001/XMLSchema-instance' xmlns:xs='http://www.w3.org/2001/XMLSchema' xmlns:typens='http://www.esri.com/schemas/ArcGIS/2.6.0'&gt;&lt;WKT&gt;GEOGCS[&amp;quot;GCS_North_American_1983&amp;quot;,DATUM[&amp;quot;D_North_American_1983&amp;quot;,SPHEROID[&amp;quot;GRS_1980&amp;quot;,6378137.0,298.257222101]],PRIMEM[&amp;quot;Greenwich&amp;quot;,0.0],UNIT[&amp;quot;Degree&amp;quot;,0.0174532925199433],AUTHORITY[&amp;quot;EPSG&amp;quot;,4269]]&lt;/WKT&gt;&lt;XOrigin&gt;-400&lt;/XOrigin&gt;&lt;YOrigin&gt;-400&lt;/YOrigin&gt;&lt;XYScale&gt;11258999068426.238&lt;/XYScale&gt;&lt;ZOrigin&gt;-100000&lt;/ZOrigin&gt;&lt;ZScale&gt;10000&lt;/ZScale&gt;&lt;MOrigin&gt;-100000&lt;/MOrigin&gt;&lt;MScale&gt;10000&lt;/MScale&gt;&lt;XYTolerance&gt;8.9831528411952133e-09&lt;/XYTolerance&gt;&lt;ZTolerance&gt;0.001&lt;/ZTolerance&gt;&lt;MTolerance&gt;0.001&lt;/MTolerance&gt;&lt;HighPrecision&gt;true&lt;/HighPrecision&gt;&lt;LeftLongitude&gt;-180&lt;/LeftLongitude&gt;&lt;WKID&gt;4269&lt;/WKID&gt;&lt;LatestWKID&gt;4269&lt;/LatestWKID&gt;&lt;/GeographicCoordinateSystem&gt;</peXml></coordRef></DataProperties><ArcGISstyle>ISO 19139 Metadata Implementation Specification</ArcGISstyle><SyncDate>20201112</SyncDate><SyncTime>14501900</SyncTime><ModDate>20201113</ModDate><ModTime>10090400</ModTime><scaleRange><minScale>150000000</minScale><maxScale>5000</maxScale></scaleRange></Esri><dataIdInfo><envirDesc Sync="TRUE">Microsoft Windows 10 Version 10.0 (Build 19041) ; Esri ArcGIS 12.6.2.24783</envirDesc><dataLang><languageCode value="eng" Sync="TRUE"/><countryCode value="USA" Sync="TRUE"/></dataLang><idCitation><resTitle Sync="TRUE">subregions</resTitle><presForm><PresFormCd value="005" Sync="TRUE"/></presForm></idCitation><spatRpType><SpatRepTypCd value="001" Sync="TRUE"/></spatRpType><idPurp>This data is intended to be used to assign regions to the to the secchi depth records.</idPurp><idAbs>&lt;DIV STYLE="text-align:Left;"&gt;&lt;DIV&gt;&lt;P&gt;&lt;SPAN&gt;This data is comprised of polygons that represent the subregions of the Rose/Smith Delta Smelt bioenergetics model. The polygons were digitized on 11/12/2020 using Fig. 2.3.2 from "Structured Decision Making for Scientific Management in the San Francisco Bay-Delta" as the reference.&lt;/SPAN&gt;&lt;/P&gt;&lt;/DIV&gt;&lt;/DIV&gt;</idAbs><idCredit>Peterson et al 2019</idCredit><searchKeys><keyword>Structured Decision Making for Scientific Management in the San Francisco Bay-Delta; Fig. 2.3.2.</keyword><keyword>spatial strata</keyword></searchKeys></dataIdInfo><mdLang><languageCode value="eng" Sync="TRUE"/><countryCode value="USA" Sync="TRUE"/></mdLang><distInfo><distFormat><formatName Sync="TRUE">Shapefile</formatName></distFormat><distTranOps><transSize Sync="TRUE">0.000</transSize></distTranOps></distInfo><mdHrLv><ScopeCd value="005" Sync="TRUE"/></mdHrLv><mdHrLvName Sync="TRUE">dataset</mdHrLvName><refSysInfo><RefSystem><refSysID><identCode code="4269" Sync="TRUE"/><idCodeSpace Sync="TRUE">EPSG</idCodeSpace><idVersion Sync="TRUE">9.8(3.0.1)</idVersion></refSysID></RefSystem></refSysInfo><spatRepInfo><VectSpatRep><geometObjs Name="subregions"><geoObjTyp><GeoObjTypCd value="002" Sync="TRUE"/></geoObjTyp><geoObjCnt Sync="TRUE">0</geoObjCnt></geometObjs><topLvl><TopoLevCd value="001" Sync="TRUE"/></topLvl></VectSpatRep></spatRepInfo><spdoinfo><ptvctinf><esriterm Name="subregions"><efeatyp Sync="TRUE">Simple</efeatyp><efeageom code="4" Sync="TRUE"/><esritopo Sync="TRUE">FALSE</esritopo><efeacnt Sync="TRUE">0</efeacnt><spindex Sync="TRUE">FALSE</spindex><linrefer Sync="TRUE">FALSE</linrefer></esriterm></ptvctinf></spdoinfo><eainfo><detailed Name="subregions"><enttyp><enttypl Sync="TRUE">subregions</enttypl><enttypt Sync="TRUE">Feature Class</enttypt><enttypc Sync="TRUE">0</enttypc></enttyp><attr><attrlabl Sync="TRUE">FID</attrlabl><attalias Sync="TRUE">FID</attalias><attrtype Sync="TRUE">OID</attrtype><attwidth Sync="TRUE">4</attwidth><atprecis Sync="TRUE">0</atprecis><attscale Sync="TRUE">0</attscale><attrdef Sync="TRUE">Internal feature number.</attrdef><attrdefs Sync="TRUE">Esri</attrdefs><attrdomv><udom Sync="TRUE">Sequential unique whole numbers that are automatically generated.</udom></attrdomv></attr><attr><attrlabl Sync="TRUE">Shape</attrlabl><attalias Sync="TRUE">Shape</attalias><attrtype Sync="TRUE">Geometry</attrtype><attwidth Sync="TRUE">0</attwidth><atprecis Sync="TRUE">0</atprecis><attscale Sync="TRUE">0</attscale><attrdef Sync="TRUE">Feature geometry.</attrdef><attrdefs Sync="TRUE">Esri</attrdefs><attrdomv><udom Sync="TRUE">Coordinates defining the features.</udom></attrdomv></attr><attr><attrlabl Sync="TRUE">TNMID</attrlabl><attalias Sync="TRUE">TNMID</attalias><attrtype Sync="TRUE">String</attrtype><attwidth Sync="TRUE">40</attwidth><atprecis Sync="TRUE">0</atprecis><attscale Sync="TRUE">0</attscale></attr><attr><attrlabl Sync="TRUE">METASOURCE</attrlabl><attalias Sync="TRUE">METASOURCE</attalias><attrtype Sync="TRUE">String</attrtype><attwidth Sync="TRUE">40</attwidth><atprecis Sync="TRUE">0</atprecis><attscale Sync="TRUE">0</attscale></attr><attr><attrlabl Sync="TRUE">SOURCEDATA</attrlabl><attalias Sync="TRUE">SOURCEDATA</attalias><attrtype Sync="TRUE">String</attrtype><attwidth Sync="TRUE">100</attwidth><atprecis Sync="TRUE">0</atprecis><attscale Sync="TRUE">0</attscale></attr><attr><attrlabl Sync="TRUE">SOURCEORIG</attrlabl><attalias Sync="TRUE">SOURCEORIG</attalias><attrtype Sync="TRUE">String</attrtype><attwidth Sync="TRUE">130</attwidth><atprecis Sync="TRUE">0</atprecis><attscale Sync="TRUE">0</attscale></attr><attr><attrlabl Sync="TRUE">SOURCEFEAT</attrlabl><attalias Sync="TRUE">SOURCEFEAT</attalias><attrtype Sync="TRUE">String</attrtype><attwidth Sync="TRUE">40</attwidth><atprecis Sync="TRUE">0</atprecis><attscale Sync="TRUE">0</attscale></attr><attr><attrlabl Sync="TRUE">LOADDATE</attrlabl><attalias Sync="TRUE">LOADDATE</attalias><attrtype Sync="TRUE">Date</attrtype><attwidth Sync="TRUE">8</attwidth><atprecis Sync="TRUE">0</atprecis><attscale Sync="TRUE">0</attscale></attr><attr><attrlabl Sync="TRUE">GNIS_ID</attrlabl><attalias Sync="TRUE">GNIS_ID</attalias><attrtype Sync="TRUE">Integer</attrtype><attwidth Sync="TRUE">10</attwidth><atprecis Sync="TRUE">10</atprecis><attscale Sync="TRUE">0</attscale></attr><attr><attrlabl Sync="TRUE">SUBREGION</attrlabl><attalias Sync="TRUE">SUBREGION</attalias><attrtype Sync="TRUE">String</attrtype><attwidth Sync="TRUE">50</attwidth><atprecis Sync="TRUE">0</atprecis><attscale Sync="TRUE">0</attscale></attr><attr><attrlabl Sync="TRUE">AREAACRES</attrlabl><attalias Sync="TRUE">AREAACRES</attalias><attrtype Sync="TRUE">Double</attrtype><attwidth Sync="TRUE">19</attwidth><atprecis Sync="TRUE">0</atprecis><attscale Sync="TRUE">0</attscale></attr><attr><attrlabl Sync="TRUE">AREASQKM</attrlabl><attalias Sync="TRUE">AREASQKM</attalias><attrtype Sync="TRUE">Double</attrtype><attwidth Sync="TRUE">19</attwidth><atprecis Sync="TRUE">0</atprecis><attscale Sync="TRUE">0</attscale></attr><attr><attrlabl Sync="TRUE">STATES</attrlabl><attalias Sync="TRUE">STATES</attalias><attrtype Sync="TRUE">String</attrtype><attwidth Sync="TRUE">50</attwidth><atprecis Sync="TRUE">0</atprecis><attscale Sync="TRUE">0</attscale></attr><attr><attrlabl Sync="TRUE">HUC10</attrlabl><attalias Sync="TRUE">HUC10</attalias><attrtype Sync="TRUE">String</attrtype><attwidth Sync="TRUE">10</attwidth><atprecis Sync="TRUE">0</atprecis><attscale Sync="TRUE">0</attscale></attr><attr><attrlabl Sync="TRUE">HUTYPE</attrlabl><attalias Sync="TRUE">HUTYPE</attalias><attrtype Sync="TRUE">String</attrtype><attwidth Sync="TRUE">254</attwidth><atprecis Sync="TRUE">0</atprecis><attscale Sync="TRUE">0</attscale></attr><attr><attrlabl Sync="TRUE">HUMOD</attrlabl><attalias Sync="TRUE">HUMOD</attalias><attrtype Sync="TRUE">String</attrtype><attwidth Sync="TRUE">30</attwidth><atprecis Sync="TRUE">0</atprecis><attscale Sync="TRUE">0</attscale></attr><attr><attrlabl Sync="TRUE">GLOBALID</attrlabl><attalias Sync="TRUE">GLOBALID</attalias><attrtype Sync="TRUE">String</attrtype><attwidth Sync="TRUE">38</attwidth><atprecis Sync="TRUE">0</atprecis><attscale Sync="TRUE">0</attscale></attr><attr><attrlabl Sync="TRUE">SHAPE_Leng</attrlabl><attalias Sync="TRUE">SHAPE_Leng</attalias><attrtype Sync="TRUE">Double</attrtype><attwidth Sync="TRUE">19</attwidth><atprecis Sync="TRUE">0</atprecis><attscale Sync="TRUE">0</attscale></attr><attr><attrlabl Sync="TRUE">SHAPE_Area</attrlabl><attalias Sync="TRUE">SHAPE_Area</attalias><attrtype Sync="TRUE">Double</attrtype><attwidth Sync="TRUE">19</attwidth><atprecis Sync="TRUE">0</atprecis><attscale Sync="TRUE">0</attscale><attrdef Sync="TRUE">Area of feature in internal units squared.</attrdef><attrdefs Sync="TRUE">Esri</attrdefs><attrdomv><udom Sync="TRUE">Positive real numbers that are automatically generated.</udom></attrdomv></attr></detailed></eainfo><mdDateSt Sync="TRUE">20201113</mdDateSt></metadata>
